{"Kred": ["h", "k", "4", "g", "4", "enter", "h", "k", "4", "enter", "f", "4", "g", "4", "enter"], "Ktime": [1685668830.5162766, 1685668832.6837292, 1685668832.8755414, 1685668833.1077633, 1685668833.29142, 1685668833.4913023, 1685668833.7874079, 1685668835.8673332, 1685668835.9726186, 1685668836.1396189, 1685668836.6673923, 1685668838.1397278, 1685668838.3238082, 1685668838.971789, 1685668839.227469, 1685668839.699908], "Mred": {"0": {"x": 113, "y": 98}, "1": {"x": 100, "y": 130}, "2": {"x": 122, "y": 167}, "3": {"x": 625, "y": 1045}, "4": {"x": 625, "y": 1048}}, "Mtime": [1685668830.5162766, 1685668831.8198867, 1685668834.7802181, 1685668837.5711973, 1685668841.3962414, 1685668841.89176], "km": ["M", "K", "K", "K", "K", "K", "K", "M", "K", "K", "K", "K", "M", "K", "K", "K", "K", "K", "M", "M"]}